Unnamed: 0,Id экзамена,Id вопроса,№ вопроса,Текст вопроса,Картинка из вопроса,Транскрибация ответа,Ссылка на оригинальный файл запис
0,3374052,30629078,1,<p>Добро пожаловать на экзамен! <br>Вопрос устной части экзамена. Начните диалог.<br><strong>Вы не можете найти дорогу к автобусной остановке. Узнайте у прохожего </strong><strong>путь к автобусной остановке.</strong></p>,,"Так, я читаю задание, вы его видите перед глазами, оно у вас. И нужно будет... На него реагировать. Так, начните диалог. Вы не можете найти дорогу к автобусной остановке. Узнайте у прохожего путь к автобусной остановке. Я прохожий. Здравствуйте, не подскажете... Как пройти к остановке... Ну, металлург. А у вас какая остановка интересует? Какого транспорта? У меня транспорт 66-го, ну, еще так. Автобус? Да. Бульвар 1. Бульвар 1. Так, если вам нужна автобусная остановка, чтобы доехать до бульвара Героев, вы должны сейчас пройти буквально 3-4 дома вперед, и там справа вы ее увидите. Все, спасибо, Леонид Семенович. Пожалуйста. Пожалуйста.",https://storage.yandexcloud.net/odin-exam-files-dataset/72a84e48-438e-4fbf-b3ee-cfa4ff1a7828-0.MP3
1,3373880,30626097,4,"<p>Вопрос устной части экзамена. Опишите картинку.</p>
<p><strong>Ваше сообщение должно содержать следующую информацию. </strong><br><strong>– Что изображено на фотографии (место и т.д.)? </strong><br><strong>– Кто изображён на фотографии? </strong><br><strong>– Что делают эти люди? </strong><br><strong>– Расскажите подробнее о любом человеке на фотографии. </strong><br><strong>– А Вы любите/умеете рисовать? </strong><br><strong>– Как Вы можете помочь ребёнку научиться рисовать?</strong></p>
<p><strong><img src=""https://storage-public.odin.study/86963d8a-6422-4f3c-a9a2-bf561991697b.PNG"" width=""816"" height=""544""></strong></p>",https://storage-public.odin.study/86963d8a-6422-4f3c-a9a2-bf561991697b.PNG,"Ну что ж, дальше вам нужно будет описать картинку. Когда вы будете ее описывать, ваше сообщение должно содержать следующую информацию. Что изображено на фотографии? Место и так далее. Кто изображен на фотографии и что делают эти люди? Расскажите подробнее о любом человеке на фотографии. Ну и вопрос будет к вам. А вы любите, умеете рисовать? И как вы можете помочь ребенку научиться рисовать? На данной картинке видна женщина с ребенком. То есть это, скорее всего, мать и ребенок. Сидят они за столом. За столом краски. Они довольны, радостны. Что еще можно сказать о картинке? Ребенок прикладывает пальчиком матери к носу. Мать смеется, улыбается. А ребенок так пристально, настойчиво смотрит. Как вы думаете, это мальчик или девочка? Я думаю, что это девочка. Почему? Ну, похоже на девочку, так как такие нежные, мягкие черты лица. Как у женщины. Хорошо. Так, вопрос к вам. Вы любите, умеете рисовать? Ну, личность я не творческая, конечно. Но что-то срисовать я могу. Вам нравилось рисовать с детства? Да. Это прививалось, наверное, со школы. То есть у нас были уроки рисования. И мне нравилось рисовывать. А какое у вас образование? У меня среднее образование. А вот представим, как вы можете помочь ребенку научиться рисовать? Именно тут заниматься. Нужно сидеть рядом с ребенком. Также рисовать, чтобы ребенок перенимал это. И потихонечку его направлять в образование. Я думаю, что получится. То есть, во-первых, должен у ребенка быть интерес. Если ему интересно, конечно. И он будет этим заниматься. У вас есть братья и сестры? Да, у меня есть младшая сестра. Она рисует? Нет, к сожалению. А почему? Ну, не знаю. Она больше любит писать. Она, кстати, стихи может... Какие-то свои стихи у нее есть. Она свои стихи пишет. Ну, это не публиковалось. То есть, для себя. А ваши родители? Отца, к сожалению, уже нет в живых. У меня осталась одна мама. Вот. Мама не творческий человек. Мама у меня полужа. Ну, это тоже творчество. Своего рода, да. Можно и так сказать. Да, сквозь саму гамму передавать. Это еще творчество. Хорошо. Вы любите путешествовать? Да, я люблю путешествовать. Но, как не то, так как я работаю, у меня очень много забот в связи с уходом отца. И мне приходится все делать самому. Не получается этого делать. Как таково. А кем вы работаете? Я работаю водителем. У вас немечная фамилия. Она что-то означает? Откуда? Она не склоняется к фамилии. По падежам это молдавская фамилия. Оттуда укоренена. Вы пытались найти своих там родственников? Да, есть у меня родственники. Как бы я сначала думал это однофамильцы. Но, на самом деле, это не однофамильцы. Это через какие-то поколения родственники. Она что-то обозначает, ваши фамилии? Ну, я как-то хотел найти информацию. Но, как таковой, я не нашел, что она означает. Так, вот я спросила, вас любят ли путешествовать герои уже пополам? Я побывал в Европе. В Европе? Это какие страны? Это Словакия, Чехия, Польша, Германия, Франция, Италия. Где вам понравилось больше? Самое большее мне понравилось, наверное, в Италии. Почему? Ну, там как-то пейзаж красочный, бананы, мандарины, пляжи. Наверное, этим понравилось. И вам удалось посетить какие-нибудь музеи? Нет, к сожалению. К сожалению, не получилось. Какие-нибудь достопримечательности? К сожалению, не пришлось, так как времени было очень мало. Я работал там, и по совместительству с этим пришлось вот так вот побывать в тех странах. А куда вы еще хотели бы поехать? Я вообще мечтал провести тур по Енисею. От пусти до конца. Ну, по крайней мере, это все, что мечта. Ну, я думаю, в дальнейшем это у меня обязательно получится. Вы планируете самостоятельно или все-таки как-то организованно? Нет, самостоятельно я не думал за это, конечно. А вот обратиться в специальную организацию, которая этим занимается. Я думаю, что это будет очень удобно. Ясно. Так, спасибо.",https://storage.yandexcloud.net/odin-exam-files-dataset/82317c7d-55e2-4ef9-b331-a027514023cf-3.MP3
2,3420189,31491778,2,"<p>Вопрос устной части экзамена. Примите участие в диалоге. Ответьте на вопросы собеседника полными предложениями.</p>
<p> </p>
<p><strong>– Что Вы делаете, когда у Вас есть свободное время? Чем увлекаетесь? </strong><br><strong>– ... </strong><br><strong>– Скажите, пожалуйста, какой вид спорта Вам нравится? Занимаете</strong><strong>сь ли Вы спортом? Если да, то каким? </strong><br><strong>– ... </strong><br><strong>– Какие праздники Вы любите праздновать?<br>– ... <br>– Какие фильмы Вы обычно </strong><strong>смотрите? Где Вы любите смотреть фильмы: в кинотеатре или дома? </strong><br><strong>– ...</strong></p>",,"Сейчас я буду задавать вам вопросы, а ваша задача – отвечать на них полными предложениями. Скажите, что вы делаете, когда у вас есть свободное время? Когда у меня есть свободное время, я читаю. Люблю бумажные книги, то есть не из цифровых носителей, а живую книгу, которую можно полистать и насладиться, так сказать, процессом чтения. Отлично. А есть ли у вас какой-то любимый жанр или любимый писатель? Нет. Последнее время я больше читаю... книги не из художественной литературы, а, скажем, познавательные. Психология, философия, в этом плане. Отлично. Какую книгу вы можете посоветовать? Какая книга вам понравилась? Иногда я перечитываю Антона Павловича Чехова. Мне очень нравятся его рассказы, очень рекомендую. У него отличный легкий стиль. Хорошо, спасибо. Скажите, а вы занимаетесь спортом? Ну, только в плане поддержки своего здоровья. Это зарядка, такие, скажем, получасовые тренировки ежедневно. То есть это фитнес? Ну, скажем так. А почему вам нравится этот вид спорта? Потому что он поддерживает меня в хорошей физической форме. Отлично. Спасибо большое. Хорошо, пойдем дальше. Скажите, какие праздники вы любите праздновать? Ну, король всех праздников – это Новый год, конечно. Это такое семейное торжество, какое-то есть в нем волшебство. Это традиция дарить подарки, собирать столбы. Отлично, хорошо. И последний вопрос. Скажите, какие фильмы вы обычно смотрите? Ну, какие фильмы? Ну, из художественных фильмов мне больше нравится фантастика. Может, даже научная фантастика. Вот из последних – это «Дюна» мне понравилась. А где вы обычно смотрите кино? В кинотеатре или дома? Нет, я не люблю кинотеатры, потому что там много попкорна, шума и каких-то эмоций, которые мне мутно. И они мне не близки. Я люблю просмотр на «Игне» или «Синьой». Прекрасно. Спасибо большое за ваши ответы. Пойдем дальше.",https://storage.yandexcloud.net/odin-exam-files-dataset/5d7a20fc-d0d5-46fe-aa26-5d54d0a6428a-1.MP3
3,3431461,31706138,1,<p>Добро пожаловать на экзамен! <br>Вопрос устной части экзамена. Начните диалог.<br><strong>Вы не можете найти дорогу к автобусной остановке. Узнайте у прохожего </strong><strong>путь к автобусной остановке.</strong></p>,,"Итак, добро пожаловать на экзамен. Читайте первое задание и задайте мне вопросы. Вопросы и ответы на вопросы, которые вы задавали в прошлом видео. Я прохожий, а вы хотите узнать, да? Пожалуйста. Вы не можете найти дорогу автобуса? Остановка автобуса? Вам нужна автобусная остановка. Вы куда едете? В центр? Я еду в центр. Да, вам надо пройти вперед 100 метров и там вы увидите автобусную остановку. Большое спасибо. Пожалуйста.",https://storage.yandexcloud.net/odin-exam-files-dataset/19946376-b172-44e0-8586-b0e767736041-0.MP3
4,3379258,30726161,3,"<p>Вопрос устной части экзамена. Начните диалог. Получите нужную Вам информацию. Будьте вежливы.</p>
<p><strong>Представьте ситуацию. Вы пришли в кассы железнодорожного вокзала. Вам нужно купить билеты на поезд до Ташкента. </strong><br><strong>Поздоровайтесь. Узнайте у кассира о наличии билетов, их стоимости. Спросите о скидке для детей. Поблагодарите за полученную информацию и оцените работу кассира.</strong></p>",,"Следующее ваше задание. Вам также нужно начать диалог. Получите нужную вам информацию. Будьте вежливы. Представьте ситуацию. Вы пришли в кассе железнодорожного вокзала. Вам нужно купить билеты на поезд до Ташкента. Здоровайтесь. Узнайте у кассира о наличии билетов и их стоимости. Спросите о скидке для детей. Поблагодарите за полученную информацию и оцените работу кассира. Тоже самое. Я работник. Здравствуйте. Здравствуйте. Мне нужно купить билет на поезд до Ташкента в ближайшее время. Какие билеты есть и какая у них стоимость? Билеты у нас имеются. Завтра на вечер вам подойдет. Билет стоит 10 000 рублей. Можно узнать, есть ли какая-то скидка для детей? Для детей до 14 лет скидка 50%. Будете брать билеты? Да, меня устраивает. Спасибо большое за полученную информацию. Хорошо.",https://storage.yandexcloud.net/odin-exam-files-dataset/0c21931b-efb4-44de-84d8-1c52af07d169-2.MP3
5,3394829,31010938,2,"<p>Вопрос устной части экзамена. Примите участие в диалоге. Ответьте на вопросы собеседника полными предложениями.<br><br></p>
<p><strong>– Вы живёте в квартире или доме? Где находится это место? </strong><br><strong>– ... </strong><br><strong>– Это старый или новый дом? Сколько у Вас комнат? </strong><br><strong>– ... </strong><br><strong>– У Вас есть балкон?Как и когда Вы им пользуетесь? </strong><br><strong>– ... </strong><br><strong>– Как Вы обычно делаете ремонт?Вы это делаете сами или делают специалисты? </strong><br><strong>– ...</strong></p>",,"Следующее наше задание... Сейчас камера чуть-чуть разфокусируется. Следующее наше задание это диалог. Сейчас я буду задавать вам вопросы, а ваша задача будет просто отвечать на них, поддерживать беседу. Скажите, пожалуйста, вы живете в квартире или в доме? На данный момент в квартире. В квартире. А эта квартира в малоэтажном или в многоэтажном доме? В малоэтажном. Где находится этот дом? В центре города, Калининград. На какой улице? На улице Свободная 8. Прекрасно. Скажите, пожалуйста, это старый или новый дом? Это старый дом. Хорошо, а на каком этаже ваша квартира? Квартира находится на втором этаже. А в доме есть лифт? В доме лифта нет. Скажите, пожалуйста, а в вашей квартире сколько комнат? В квартире две комнаты. А вы живете у отеля, не снимаете? Сейчас живу с отцом. Хм-хм, хорошо. Скажите, пожалуйста, а в вашей квартире есть лифт? есть балкон да есть просто закрытый не пользуюсь а почему то нет надобности поняла скажите пожалуйста вы давно живете в этой квартире буквально две недели ну еще не успели наверное сделать ремонт а планируете пока нет нет это ваша квартира это съемная квартира а если бы вдруг когда у вас какой-то будет свое жилье вам предстояло бы сделать ремонт вы бы наняли специалистов либо делали сайт такую работу которую не смог сам специалистов а то что сам по электрике отделочные отделочные отделочные работают некоторые смогут сам сделать это связано с вашей профессии или просто это только навыки просто а по профессии вы по профессии я автоэлектрик больше с машин но между электрикой здесь присутствует хорошо отлично скажите пожалуйста а если бы у вас были неограниченные ресурсы то где бы вы хотели жить вот место жительства вашей мечты это что дом на берегу моря квартира в центре москвы что это дом на берегу моря в калининграде здесь обустроиться расскажите какой это дом ваша мечта двухэтажный участок не слишком большой средний с гаражом у вас неограниченные ресурсы вы можете все что еще там должно быть газовый бассейн газовый бассейн беседка газовый бассейн гаража будет полный ящик инструментов подъемник обустроенный гараж гараж",https://storage.yandexcloud.net/odin-exam-files-dataset/53577ff2-5eed-409b-b0cd-268ce28d8353-1.MP3
6,3426704,31614107,2,"<p>Вопрос устной части экзамена. Примите участие в диалоге. Ответьте на вопросы собеседника полными предложениями.</p>
<p><strong>– Как зовут Вашего лучшего друга или подругу? Где Вы познакомились? Какой Ваш друг/подруга (внешность, характер, хобби)? </strong><br><strong>– … </strong><br><strong>– Как Вы обычно проводите свой отпуск? Где Вы отдыхали в последний раз? Что Вам больше всего понравилось? </strong><br><strong>– … </strong><br><strong>– Чем занимаются Ваши родные (родители, братья, сёстры)? Вы часто встречаетесь? Что Вы обычно делаете вместе? </strong><br><strong>– …</strong></p>",,"Примите участие в диалоге. Ответьте на вопросы. Если нет вашего официального номера и заявлений, existem нужные мобюты, website и секретные guitars. Росло у меня 108 см. Вместе играем в компьютерные игры. Как Вы обычно проводите свой отпуск? Где Вы отдыхали в последний раз? Что Вам больше всего понравилось? Я ездил себе домой. Отдыхал я со своей семьей. Семь домиков, которые мы купили. Это было позавтра. Мне больше всего понравилось. С младшей сестрой проводить время. Креативно. Чем занимаются Ваши родные? Родители, братья, сестры? Вы часто встречаете? Что Вы обычно делаете? Мы встречаемся раз в год. Когда я езжу домой. Мама работает крыночком на заводе. Есть два брата. Один сейчас работает. Другой тоже. Мы общаемся. Время проводим. Когда родители на работе, я проживаю с ними.",https://storage.yandexcloud.net/odin-exam-files-dataset/c6574aba-cf51-43ab-a626-c00e9b37b6ec-1.MP3
7,3407402,31244238,4,"<p>Вопрос устной части экзамена. Опишите картинку.</p>
<p><img src=""https://storage-public.odin.study/6383f52e-5d09-41ae-ad2d-81179b549d10.PNG"" width=""716"" height=""414""></p>
<p><strong>Ваше сообщение должно содержать следующую информацию: </strong><br><strong>– Что изображено на рисунке (место, время года и т.д.)? </strong><br><strong>– Кто изображён на рисунке? </strong><br><strong>– Что они делают? </strong><br><strong>– Расскажите подробнее о любом человеке, изображённом на рисунке. </strong><br><strong>– А Вы любите путешествовать? </strong><br><strong>– Где Вы уже побывали?</strong></p>",https://storage-public.odin.study/6383f52e-5d09-41ae-ad2d-81179b549d10.PNG,"Последнее задание. Смотрите, у Вас есть картинка, есть список вопросов. Ознакомьтесь, пожалуйста, и рассказывайте. Это будет Ваш монолог. Ну, судя по всему, это автовокзал какой-то, либо жилой вокзал у нас. Соответственно, люди приезжают, уезжают, кто-то прощается, судя по картинке, по изображению слева. Парень с девушкой, скорее всего, прощаются, куда-то из них уезжает. Опять же, видно семью. Мама, папа, дети. Счастливая собака. Откуда-то приехали, скорее всего, ждут кого-то. Что будет за дом? Что еще? Ну, непонятно. Ребенок, либо взрослый бежит, скорее всего, к поезду, потому что там у нас нарисованы пути. Путь 2, путь 3. Скорее всего, опаздывает на поезд. Женщина с чемоданами у нас сильно независимая, судя по всему. Любит путешествовать, очень много у нее вещей с собой. Туристов не ждет. И вот, как я сказал, это отдых под аппарат, то есть будут снимать атласы. Да, скорее всего, где-то на речку может быть, на природу. Случайно на природу собрались. Такой небольшой кемпинг, скорее всего, будет у них. Где можно будет фотографировать. Где можно будет фотографировать на природу. Отлично. И последние два вопроса. Попутешествовать. Да нет, скорее всего, домосед. Но может быть, да, если вы подсоединяете тот же самый пруд, речка. Почему бы нет? Отдохнуть с семьей, построить небольшие шашлыки. Можно будет на день-два, полтора суток. Опять же, где я побывал? К сожалению, нигде. Ну, может быть, где-то в вашей родной стране. Ну, в родной стране у нас особо-то и ездить некуда. Да, есть на зерна месяц, там выезжаем, то есть, на праздники. У нас есть прекрасное место, как и Суккулита. Озеро наше любимое, где мы любим отдыхать. Прекрасно. А в Калининградской области? В Калининградской области мы еще никуда, кстати, не успели поездить. Мы только вот максимум здесь прошлись положительные примечания. Тщательно с тем городским посмотрели. Планируем, да, съездить на море. Нам будет время позволять. Работа. Думаю, в ближайшее время на выходных можно будет съездить. Отлично. Прекрасный план. Спасибо большое вам.",https://storage.yandexcloud.net/odin-exam-files-dataset/36c3189c-7b59-4d20-bddd-08ee2f3f9eaa-3.MP3
8,3396660,31044430,4,"<p>Вопрос устной части экзамена. Опишите картинку.</p>
<p> </p>
<p><strong>Ваше сообщение должно содержать следующую информацию. </strong><br><strong>– Что изображено на рисунке (место, время года и т.д.)? </strong><br><strong>– Кто изображён на рисунке? </strong><br><strong>– Что они делают? </strong><br><strong>– Расскажите подробнее о любом человеке, изображённом на рисунке. </strong><br><strong>– Сколько детей в вашей семье? Расскажите о них. </strong><br><strong>– Как Вы играете с детьми?</strong></p>
<p><strong><img src=""https://storage-public.odin.study/37a54d41-aade-4da2-a13d-6ab7d3ef8035.PNG"" width=""700"" height=""507""></strong></p>",https://storage-public.odin.study/37a54d41-aade-4da2-a13d-6ab7d3ef8035.PNG,"картинку ваше сообщение должно содержать следующий информатор что изображено на рисунке место и время года кто изображен на рисунке что они делают расскажите подробно любому человеку изображенном на рисунке сколько детей вашей семьи скажите о них и как вы играете здесь вопрос вам нужно время подниматься посмотреть хорошо видно да потому что я здесь уже с на рисунке дома дома бабушки дедушки вот они дочь дочь вот пришло гости дедушку бабушка дедушка играет со внуками а вот там это вот мама она вот накрывать стол бабушка чай и чай и здесь семья у них четверо детей старший сын и две дочки и мальчик ребенок время года лето летом дедушки бабушки дети interrogать мальчика Speed sing читаю как удается это он все不會 с детьми под omin enjoyed мы будем всем EtN box Дедушка играет со младшим внуком. Младшему внуку здесь годик. Играет с армадами. Сколько детей у Вас в семи лет? Скажите мне, как Вы играете с детьми? У меня семья, 6 человек, жена и 4 сына. У меня три дочки. После сына у меня двойняшки. Замечательно. В Балансе Морген Обама. Сыну сейчас 30 лет. А дочерям 24. Все они сейчас замужем. Дети у них нет. У меня сейчас шестеро внуков. О, какая у Вас большая семья. Хорошо, замечательно. Я с вами. Играете с внуками? Да. Как? Расскажите. Два мальчика и четыре девочки. Я очень люблю своих внуков. Играю с ними, когда они могут. Они ходят к нам домой. С сыном живем вместе. У него сын и дочка. Да. Играем вместе. В этом году пошел в школу первый класс. Хорошо. Спасибо. Вы ответsstе на вопросы из этой части. Можем завершать экзамен. Хотите что-то дополнить? Нет. Спасибо Вам. Вам спасибо. Пытаюсь. Спасибо. Спасибо Вам. Спасибо Вам. Спасибо. Спасибо Вам.",https://storage.yandexcloud.net/odin-exam-files-dataset/4e1f3cc5-ed7a-45a0-842e-28e700968c65-3.MP3
9,3400677,31121158,1,"<p>Добро пожаловать на экзамен! <br>Вопрос устной части экзамена. Начните диалог.</p>
<p><strong>Вы увидели объявление о работе и хотите получить её. Позвоните и узнайте, какие требования предъявляет работодатель к соискателю. </strong></p>",,"Вы увидели объявление о работе и хотите получить ее. Позвоните и узнайте, какие требования предъявляет работодатель к соискателю. То есть представьте, что я работодатель, вам нужно позвонить мне и со мной заговорить. Добрый день. Здравствуйте. Здравствуйте. Я по поводу работы. Хотела бы узнать поподробнее. Какие у вас есть вакансии? У нас есть вакансия оператор на АЗС, график работы 2 через 2, 12-часовой рабочий день. По зарплате на первое время 35 тысяч рублей. У вас есть какие-то дополнительные выплаты, например, по вредности? А еще хотелось бы спросить по поводу, например, отпуску на их... Дополнительных средств. Там выделяются определенные премии. Это все обговаривается индивидуально. По второму вопросу, да. То есть раз в полгода на неделю в струнке под выпуск. Приходите, пообщаемся. До свидания. До свидания.",https://storage.yandexcloud.net/odin-exam-files-dataset/0537d9a7-7fca-4b55-827c-a0173ee9271a-0.MP3
10,3402905,31170782,1,"<p>Добро пожаловать на экзамен! <br>Вопрос устной части экзамена. Начните диалог.</p>
<p><strong>Вы заболели и не можете прийти на день рождения друга. Извинитесь. Задайте другу вопрос о подарке. </strong></p>",,"Первое задание. Начните диалог. Вы заболели и не можете прийти на день рождения друга. Извинитесь, задайте другу вопрос о подарке. Извини, дорогой Андрей, не смогу прийти к тебе на день рождения. Что ты хочешь, чтобы я тебе подарил? Я бы хотел получить на день рождения в качестве подарка фотоальбом. Хорошо.",https://storage.yandexcloud.net/odin-exam-files-dataset/d50dccfa-51bf-4e7e-8197-e8255e643af0-0.MP3
11,3394249,30999466,1,"<p>Вопрос устной части экзамена. Начните диалог. <br><strong>Вы пришли в посольство. Вам нужно оформить срочную визу. Узнайте, какие документы нужны для оформления.</strong></p>",,"Ну что ж, вопрос номер один. Начните диалог. Вы пришли в посольство. Вам нужно оформить срочную визу. Узнайте, какие документы нужны для оформления. Обращайтесь ко мне. Так. Мне изображать? Изображать. Да? Прямо встать и подойти? Это лишняя камера. Лишняя? Здравствуйте. Здравствуйте. Слушаю вас. Можно обратиться? Мне нужно срочно подать визу. Подать визу в Англию. В Англию? Цель? Да. Цель вашей поездки? Для работы. Для работы. Для обучения. Так, для работы или для обучения? Для работы. Для работы. У вас есть приглашение от работодателя? Есть. Хорошо. В таком случае от вас нужен копия, фотографию, приглашение от работодателя, подтверждение, страховки и копия о том, что у вас забронированы билеты. А ну, все. Отлично. Это у вас уже есть документы? Да. К сожалению, только нету билета. Хорошо. Надо будет взять билет и за всеми этими документами приходить к вам. Да. Приходите, пишите заявление, мы рассматриваем и в течение двух недель даем вам ответ, или получаете визу, или нет. Какие документы мне нужны? Нет. Раз у вас есть подтверждение от работодателя, то нет. От работодателя с переводом или… Конечно. С переводом. С переводом. Заверен в нотариусе. Заверен в нотариусе, да. Паспорт входит в отзыв с переводом. Ну, да. Ну, да. Ну, да. Ну, да. Так, ну, в принципе все вопросы я понял. Хорошо, будут какие-то вопросы, вы можете позвонить и задать. Хорошо, ну вы оставите с номером телефона или где-то я могу узнать. Конечно, конечно, вот он здесь 01-01-01. Все, хорошо. Мг, всего доброго. До свидания. Следующий вопрос. Примите участие в диалоге, ответьте на вопросы в чате",https://storage.yandexcloud.net/odin-exam-files-dataset/141c2e15-59a0-4af6-b439-b7771192e4e4-0.MP3
12,3433058,31732390,4,"<p>Вопрос устной части экзамена. Опишите картинку.</p>
<p><strong>Ваше сообщение должно содержать следующую информацию: </strong><br><strong>– Что Вы видите на этом рисунке (место, время года и т.д.)? </strong><br><strong>– Кто изображён на рисунке? </strong><br><strong>– Что они делают? </strong><br><strong>– Опишите подробно любого человека, изображённого на рисунке. </strong><br><strong>– А Вы любите отдых на природе? </strong><br><strong>– Вы часто бываете на природе с семьей, друзьями?</strong></p>
<p><img src=""https://storage-public.odin.study/049deff0-285e-4ffe-b1b7-54aa01eb4b45.PNG"" width=""684"" height=""401""></p>",https://storage-public.odin.study/049deff0-285e-4ffe-b1b7-54aa01eb4b45.PNG,"Опишите картинку. Ваше сообщение должно содержать следующую информацию. Что вы видите на этом рисунке? Место? Время года? Кто изображен на рисунке? Что они делают? Опишите подробно любого человека, изображенного на рисунке. А вы любите отдых на природе? Как часто вы бываете на природе с семьей, друзьями? Угу. На картинке я вижу, что семья приехала на пикник, так сказать. Судя по времени года, лето. Так, кто изображен, я бы сказала. Что они делают на пикник? Приехали, что же сказала? Опишите подробно любому человеку. Отец семейства жарит на мангале, наверное, сосисочки. Так. Я, да, люблю отдых на природе. Я часто бываю за городом. Есть в деревне подружки. Поэтому и природу, да, я люблю. Так. Ну вот, так. Бываю часто на природе. Все? Так это. Вкусная чай завершена. Спасибо. Спасибо. Спасибо.",https://storage.yandexcloud.net/odin-exam-files-dataset/05f7d40b-e4f4-48f7-abd1-cc9f29c3bc22-3.MP3
13,3407895,31253111,3,"<p>Вопрос устной части экзамена. Начните диалог. Получите нужную Вам информацию. Будьте вежливы.</p>
<p> </p>
<p><strong>Представьте ситуацию. Вы увидели объявление об открытии спортивного </strong><strong>клуба в Вашем районе. Позвоните и поговорите с менеджером.<br></strong><strong>Поздоровайтесь. Узнайте, сколько стоит посещение спортивного клуба. </strong><br><strong>Поблагодарите за полученную информацию и оцените работу с Вами как </strong><strong>с будущим клиентом.</strong></p>",,"Представьте ситуацию. Вы увидели объявление об открытии спортивного клуба в вашем районе. Позвоните и поговорите с менеджером. Поздоровайтесь, узнайте, сколько стоит посещение спортивного клуба. Поблагодарите за полученную информацию и оцените работу с вами как с будущим клиентом. Хорошо. Здравствуйте. Здравствуйте, я вас слушаю. Спортивный клуб. Я по объявлению видел, что открылась новая спортивная клуб. Да, мы открылись неделю назад. Я могу вас посещать. Да, мы будем рады видеть новых клиентов. Приходите к нам, пожалуйста. И сколько стоит абонемент у вас в год? Вас интересует годовой именно абонемент? Да. Да, годовой абонемент у нас стоит 50 тысяч рублей. И сколько, неделю сколько раз могу ходить? Сколько угодно. Посещение у нас свободное. Хорошо. То есть хоть с утра до вечера это все входит. Хорошо, спасибо. Значит, я в понедельник приеду к вам записаться. Обязательно приходите. Спасибо, что позвонили. Будем рады вас видеть. Вам тоже спасибо. Спасибо, до свидания. До свидания.",https://storage.yandexcloud.net/odin-exam-files-dataset/1c6877f5-f66e-4817-9b91-83969edcae32-2.MP3
14,3391284,30949364,2,"<p>Вопрос устной части экзамена. Примите участие в диалоге. Ответьте на вопросы собеседника полными предложениями.</p>
<p><strong>– Блюда какой кухни Вы любите? Почему? </strong><br><strong>– … </strong><br><strong>– Что Вы умеете готовить? </strong><br><strong>– … </strong><br><strong>– Какое любимое блюдо в Вашей семье? </strong><br><strong>– … </strong><br><strong>– Вы ходите в рестораны и кафе? В какие? Если не ходите, то почему? </strong><br><strong>– …</strong></p>",,"ждать. Следующее задание. Примите участие в диалоге. Ответьте на вопросы полными предложениями. Блюдо какой кухни вы любите и почему? Я люблю... Я люблю... Блюдо? Своё. Национальное. Можно такой вопрос? Можно, можно. Что хотите отвечать? Да. Какое блюдо, какой кухни вы любите, и почему? Почему? Ну... Она мне нравится. Я ее люблю. Ну... Люблю покушать. Вкусненькое. Особенно печеное. Что-то. Что вы умеете готовить? Молодец. Я люблю. Я люблю. Я люблю. Я люблю. Я люблю. Я люблю. Я люблю. Я люблю. Я люблю. Я люблю. Я люблю. Я люблю. Я люблю. Я люблю. Я люблю. И что вы умеете готовить? Разные блюда. Особенно свои голубцы. Национальные. Какое любимое блюдо в Вашей семье? Коклеты с пирожкой. Вы ходите в рестораны, кафе в какие? Если не ходите, то почему? В гости к кафе.",https://storage.yandexcloud.net/odin-exam-files-dataset/a3500b79-63be-4340-b7d0-e25460d96a4d-1.MP3
15,3431803,31711847,1,"<p>Добро пожаловать на экзамен! <br>Вопрос устной части экзамена. Начните диалог.</p>
<p><strong>Вы пришли в больницу, чтобы пройти обследование. Узнайте, когда </strong><strong>принимает врач, и скажите, что Вам нужно.</strong></p>",,"Итак, первый вопрос. Начните диалог. Вы пришли в больницу, чтобы пройти обследование. Узнайте, когда принимает врач и скажите, что вам нужно. Обращайтесь ко мне. Добрый день. Да, слушаю вас. Могу я узнать, когда принимает мой терапевт? У меня 31 участок, мне нужно пройти обследование. Могу я взять талон? Так, вы прикреплены к нашей... Да, я прикреплена по месту жительства в вашей поликлинике. У меня с вами... У вас с собой все документы. Не записывались? Нет. Ну, что ж, ваш врач принимает после обеда, после трех часов. Меня это устраивает. Можете записать? Да, конечно. Приходите за 15 минут до приема. Хорошо, спасибо большое. Следующий вопрос.",https://storage.yandexcloud.net/odin-exam-files-dataset/0a426df7-fd46-4d9b-8bac-49a48cdc7527-0.MP3
16,3399186,31091197,3,"<p>Вопрос устной части экзамена. Начните диалог. Получите нужную Вам информацию. Будьте вежливы.<br><br></p>
<p><strong>Представьте ситуацию. Вы пришли в медицинский центр. Вам необходимо </strong><strong>оформить медицинскую книжку. </strong><br><strong>Поздоровайтесь. </strong><strong>Узнайте у администратора, как можно оформить медицинскую книжку в этом центре. Поблагодарите за полученную информацию и оцените работу с Вами как с посетителем центра.</strong></p>",,"Следующая ситуация, пожалуйста, прочитайте, познакомьтесь с ситуацией и начните диалог. Да. Сюда читайте. Представь. Сейчас вы пришли в медицинский... Медицинский... Медицинский... Книжку. Медицинский... Книжку. Про... Про... Про... Подразумеваете... Пост... Постарая развать...hem... Пост... Подразумеваете у най YJ... У найJJ... Пост... Постю? Ну, здр方ствуйте � doubt college? А еку и до Най być будем? Так... Словла отнии закрылась на яйцо, она офф это сделать. unlimited الفольт 20 amo в сегодняшний день. Когда я произвольна в люди. В. В. Жцы. Гип. Жцы. Поблагодарите за получение информации и общение по работе с вами. После читаем центр. Пожалуйста. В медицинском центре начните диалог. Здравствуйте. Здравствуйте. Чем могу вам помочь? Я хочу... У меня есть... У меня есть температура. Вам нужно обратиться к терапевту. Хорошо, спасибо. Это куда я можно пойти? Возьмите. Возьмите в регистратуре талончик и затем пройдите в кабинет 2. Спасибо большое. Пожалуйста.",https://storage.yandexcloud.net/odin-exam-files-dataset/2d9159f2-e245-4ee4-90e1-e0e0251a097b-2.MP3
17,3436593,31803795,2,"<p>Вопрос устной части экзамена. Примите участие в диалоге. Ответьте на вопросы собеседника полными предложениями. <br><br><strong>– Как зовут Вашего лучшего друга или подругу? Где Вы познакомились? Какой Ваш друг/подруга (внешность, характер, хобби)? </strong><br><strong>– … </strong><br><strong>– Как Вы обычно проводите свой отпуск? Где Вы отдыхали в последний раз? Что Вам больше всего понравилось? </strong><br><strong>– … </strong><br><strong>– Чем занимаются Ваши родные (родители, братья, сёстры)? Вы часто встречаетесь? Что Вы обычно делаете вместе? </strong><br><strong>– …</strong><br><br></p>",,"Второй вопрос в устной части экзамена. Примите участие в диалоге. Ответьте на вопросы собеседника полными предложениями. Как зовут вашего лучшего друга или подругу? Где вы познакомились? Какой ваш друг, подруга? Внешность, характер, хобби? Моего лучшего друга зовут Арсений, мы с ним познакомились в девятом классе, мы сидели вместе за математикой. Он довольно веселый, высокий человек, сейчас тоже учится, у него хобби играть. В игры, в компьютерные игры и много-много-много гулять. Как вы обычно проводите свой отпуск? Где вы отдыхали в последний раз? Что вам больше всего понравилось? Обычно мы проводим отпуск в России, мы отдыхали последний раз в этом же городе, в Саратове. Понравилась Волга, очень красивая река, большая, таких нет у нас, очень красивая река. Чем занимаются ваши родители? Чем занимаются ваши родители? Родители, братья, сестры. Вы часто встречаетесь? Что вы обычно делаете вместе? Я живу с родителями, у меня отчим сантехник, мама у меня учитель физкультуры. Также у меня есть сестренка младшая и племянники. Часто, сейчас конечно мы не с семьей, потому что гражданство получаю, а так часто я у них живу. Мы обычно делаем вместе. Мы часто делаем вместе. Да, что мы только ни делаем. Мы в одном доме живем. Мы играем и смотрим фильмы вместе и готовим. Третий вопрос устной части экзамена. Начните диалог. Получите нужную вам информацию, будьте вежливы. Представьте ситуацию. У вас дома не работает отопление.",https://storage.yandexcloud.net/odin-exam-files-dataset/2db2e15f-ac62-4a39-a6da-afef2a7a83b0-1.MP3
18,3379253,30725969,1,"<p>Вопрос устной части экзамена. Начните диалог.<br><strong>Вы пришли в посольство. Вам нужно оформить срочную визу. Узнайте, какие документы нужны для оформления.</strong></p>",,"Итак, первый вопрос. Начните диалог. Вы пришли в посольство. Вам нужно оформить срочную визу. Узнайте, какие документы нужны для оформления. Здравствуйте, я бы хотела оформить срочную визу. Какие документы мне нужны, чтобы оформить эту визу? Здравствуйте, а цель вашей поездки? Путешествие. Хорошо. В таком случае от вас документы, удостоверяющие личность. И у вас уже забронировано? Куплены, куплены, береты, гостиница? Нет, еще не забронированы. Даже не забронированы еще. Ну что ж, в таком случае оставляйте заявку. Мы вас записываем и приезжайте к нам через три дня. Все хорошо, спасибо большое. До свидания. До свидания.",https://storage.yandexcloud.net/odin-exam-files-dataset/657541e7-ae52-4fc0-bb68-cc35e0a235ed-0.MP3
19,3389193,30909712,1,<p>Добро пожаловать на экзамен! <br>Вопрос устной части экзамена. Начните диалог. <br><strong>Вы пришли в миграционную службу. Вам нужно оформить миграционную карту. Объясните ситуацию и попросите дать Вам бланк.</strong></p>,,вопрос начните диалог вы пришли миграционную службу вам нужно оформить миграционную карту объяснить ситуацию и попросите дать вам план представить что сотрудник миграционной службы его нужно со мной заговорить добрый день я обращаюсь вам по такой то что проблемы чтобы миграционную карту открыть что мне для этого нужно ваш паспорт его копии переводчиков,https://storage.yandexcloud.net/odin-exam-files-dataset/3e24c76b-a896-40bb-8deb-6bdacf76277b-0.MP3
20,3429201,31665269,3,"<p>Вопрос устной части экзамена. Начните диалог. Получите нужную Вам информацию. Будьте вежливы.</p>
<p><strong>Представьте ситуацию. Вы пришли в агентство по продаже авиабилетов. </strong><br><strong>У Вас есть билет на самолёт, но Вы не можете лететь. </strong><br><strong>Поздоровайтесь. Объясните в агентстве по продаже авиабилетов, что Вы хотите сдать свой билет, укажите причину. Уточните, можно ли это сделать бесплатно. Поблагодарите за полученную информацию и оцените работу менеджера.</strong></p>",,"Познакомьтесь, пожалуйста, с ситуацией. Прочитайте. Начните диалог. Получите нужную вам информацию. Добрый день. Здравствуйте. Я покупала билет в Сочи на самолет. В данный момент я не могу вылететь по работе, так как не получается взять отпуск. Подскажите, пожалуйста, могу ли я сдать билет, либо поменять на другую дату? Бесплатно. К сожалению, у вас невозвратный тариф и вылет завтра, поэтому бесплатно не получится сдать. Спасибо большое за информацию. Пожалуйста. Хорошего дня.",https://storage.yandexcloud.net/odin-exam-files-dataset/30e5a0a3-c318-4ae0-bb63-e4a8ae8cea8c-2.MP3
21,3394514,31005020,3,"<p>Вопрос устной части экзамена. Начните диалог. Получите нужную Вам информацию. Будьте вежливы.</p>
<p><strong>Представьте ситуацию. Вы пришли в агентство по продаже авиабилетов. </strong><br><strong>У Вас есть билет на самолёт, но Вы не можете лететь. </strong><br><strong>Поздоровайтесь. Объясните в агентстве по продаже авиабилетов, что Вы хотите сдать свой билет, укажите причину. Уточните, можно ли это сделать бесплатно. Поблагодарите за полученную информацию и оцените работу менеджера.</strong></p>",,"Спасибо. Задание три. Знакомьтесь с заданием, начните диалог и получите нужную вам информацию. Добрый день. Добрый день. Меня зовут Анна, у меня билет на самолет, но я не могу, к сожалению, лететь. Мне очень срочно нужно к ветеринару, у меня собаку избили. Вот. И я как-то поменять билеты бесплатно или оплатить какой-то штраф. Сколько остается до вылета? До вылета остается 5 часов. 5 часов. Мы примем ваш билет, но вы должны будете оплатить так называемую неустойку, да? 10 młн. от стоимости билета. Хорошо. Перейдем к оплате? Да. Спасибо вам большое за помощь. Пожалуйста. Спасибо. Работа менеджера? 10 из 10. Спасибо.",https://storage.yandexcloud.net/odin-exam-files-dataset/938c034c-845e-49de-a2a2-8036ab073862-2.MP3
22,3377204,30686164,2,<p>Вопрос устной части экзамена. Примите участие в диалоге. Ответьте на вопросы собеседника полными предложениями. <br><br><strong>– Каким видом спорта Вы занимаетесь? Почему? </strong><br><strong>– ... </strong><br><strong>– Вы предпочитаете ходить в тренажёрный зал или заниматься на свежем воздухе? </strong><br><strong>– ... </strong><br><strong>– Вы смотрите спортивные передачи по телевизору? Какие? </strong><br><strong>– ... </strong><br><strong>– Почему спорт важен в жизни человека? </strong><br><strong>– ...</strong></p>,,"Примите участие в диалоге. Ответьте на вопросы собеседника полными предложениями. Каким видом спорта вы занимаетесь? Почему? Я занимаюсь плаванием, потому что это, во-первых, укрепляется здоровьем, мышцы, становится шире плечи, поэтому мне это очень нравится. Вы предпочитаете ходить в тренажёрный зал или заниматься на свежем воздухе? Ну, вообще, когда как, по настроению. Потому что бывает погода не самая удачная, поэтому я желательно хожу в зал. Но когда чудесная погода, солнышко светит, я буду заниматься на улице. Вы смотрите спортивные передачи по телевизору? Какие? Ну, если честно, я практически не смотрю, я люблю сама этим заниматься. Угу. Поэтому как-то неудобно. Да, я бы не задавалась. У меня такое. Почему спорт важен в жизни человека? Ну, во-первых, спорт – это физическая активность, это меньше проблем со здоровьем, это вообще прекрасно, это свежий воздух, прогулки, хождение – это всегда очень полезно для человека. Угу. Хорошо. Следующий вопрос.",https://storage.yandexcloud.net/odin-exam-files-dataset/01d9a235-cd2a-4ba2-a651-8f60dea22d36-1.MP3
23,3409543,31278908,3,"<p>Вопрос устной части экзамена. Начните диалог. Получите нужную Вам информацию. Будьте вежливы.<br><br></p>
<p><strong>Представьте ситуацию. Вы пришли в медицинский центр. Вам необходимо </strong><strong>оформить медицинскую книжку. </strong><br><strong>Поздоровайтесь. </strong><strong>Узнайте у администратора, как можно оформить медицинскую книжку в этом центре. Поблагодарите за полученную информацию и оцените работу с Вами как с посетителем центра.</strong></p>",,"Вам необходимо оформить медицинскую книжку. Поздоровайтесь, узнаете у администратора, как можно оформить медицинскую книжку в этом центре. Поблагодарите за полученную информацию и оцените работу с вами, как с посетителем центра. Обращайтесь опять ко мне. Здравствуйте. Здравствуйте. Подскажите, пожалуйста. Здравствуйте. Хочу медицинскую книжку оформить. Куда мне пойти? Вы прикреплены к нашей поликлинике? Да. Я у вас прописан. Ага. Онлайн-клиник? Да. Онлайн-клиник. Вы онлайн записывались? Я звонил, но там все занято, занято, занято, занято. Пришлось лично идти. Хорошо. Паспорт поле с собой? Да. Я все взял. Направление от работодателя есть? Ну да. Да, все есть. Я все с собой взял. Так. Сегодня будете по живую очередь? Да, конечно. Постою. Хорошо. Давайте документы тогда оформляю и начну выпишем вам маршрутный лист. Какие-то анализы есть? Кровь, флюорография? Да. Я сдавал кровь, мочу ее и флюорографию. Замечательно. Вот вам маршрутный лист. Начинайте с пятого этажа. Знаете, лифт у нас не работает. Спасибо большое. Удачи в подписке. Все. Всего доброго.",https://storage.yandexcloud.net/odin-exam-files-dataset/40e56232-bc7a-4fd8-a8d7-5293bc52e2c5-2.MP3
24,3399441,31097520,1,"<p>Вопрос устной части экзамена. Начните диалог. <br><strong>Вы пришли в посольство. Вам нужно оформить срочную визу. Узнайте, какие документы нужны для оформления.</strong></p>",,"Добрый день! Добрый день! Я хотела бы оформить срочную визу. Скажите, где я могу ознакомиться с списком документов для ее оформления? Добрый день! Прежде всего, вы могли ознакомиться с... Этим перечнем на сайте и скачать оттуда анкету. Но раз уж вы пришли сюда, то, пожалуйста, вам нужен загранпаспорт, паспорт национальный, две фотографии. Необходимо заполнить анкету в двух экземплярах. Спасибо большое за информацию. Я подготовлю документы и обязательно провернусь. Ждем.",https://storage.yandexcloud.net/odin-exam-files-dataset/bcf2c736-1e95-4c5f-b6c4-19d8520cc2c2-0.MP3
25,3410700,31302018,1,"<p>Вопрос устной части экзамена. Начните диалог.<br><strong>Вы пришли в посольство. Вам нужно оформить срочную визу. Узнайте, какие документы нужны для оформления.</strong></p>",,"Первое задание – это ситуация. Внимательно ознакомьтесь с ней и начните диалог со мной. Здравствуйте, я бы хотела узнать, какие документы мне нужно, чтобы сделать визу. Добрый день, подскажите, пожалуйста, когда и куда планируете вылетать? Планирую вылетать летом в какую-нибудь страну, где есть море и песок. Хорошо, на какой срок полетите? На месяца два. На месяца два. Угу. Ну, до лета. До лета еще есть время. Отправляемся в рабочем порядке. С нами потребуется у вас визовая анкета и чек об оплате госпошлины. Хорошо, все, сделаю. Будем вас ждать с документами. Спасибо. Спасибо вам.",https://storage.yandexcloud.net/odin-exam-files-dataset/f0f7dc84-531c-44eb-9dfb-085fb082ce99-0.MP3
26,3411732,31323476,2,"<p>Вопрос устной части экзамена. Примите участие в диалоге. Ответьте на вопросы собеседника полными предложениями.</p>
<p><strong>– Как зовут Вашего лучшего друга или подругу? Где Вы познакомились? Какой Ваш друг/подруга (внешность, характер, хобби)? </strong><br><strong>– … </strong><br><strong>– Как Вы обычно проводите свой отпуск? Где Вы отдыхали в последний раз? Что Вам больше всего понравилось? </strong><br><strong>– … </strong><br><strong>– Чем занимаются Ваши родные (родители, братья, сёстры)? Вы часто встречаетесь? Что Вы обычно делаете вместе? </strong><br><strong>– …</strong></p>",,"Как зовут вашего лучшего друга или подругу? Где вы познакомились? Какой ваш друг, подруга? Внешность, характер, хобби. Да, у меня есть друг с Ростова. Его зовут Халим. Очень хороший парень. В данном моменте мы работаем вместе. И мы часто проводим время, отдыхаем на рыбалку с Коди. Какая внешность, какой характер, какие увлечения у вашего друга? Очень хороший у него характер, общительный человек. Как вы обычно проводите свой отпуск? Где вы отдыхали в последний раз и что вам там больше всего понравилось? Я отдыхал в последний раз в городе Джуби. Там мне очень понравилась гора. И... И... И... И люди очень хорошие там. Общательные, добрые. Чем занимаются ваши родные? Родители, братья, сестры? Вы часто встречаетесь? Что вы обычно делаете вместе? У меня родители... Мама не работает. Дома. Папа работает. Ну и с родителями мы часто увидимся. Вместе плов готовим, сидим, общаемся. Спасибо. Хорошо, спасибо.",https://storage.yandexcloud.net/odin-exam-files-dataset/7daf078d-d390-4a81-b09e-6c7989add1e6-1.MP3
27,3442415,31910409,1,"<p>Добро пожаловать на экзамен! <br>Вопрос устной части экзамена. Начните диалог.</p>
<p><strong>Вы пришли в больницу, чтобы пройти обследование. Узнайте, когда </strong><strong>принимает врач, и скажите, что Вам нужно.</strong></p>",,"Я на Банницу приехала. Добрый вечер. Что вам нужно у тебя? Я его отболею. Это задание. Вам необходимо данную ситуацию со мной разыграть в диалоге. Читайте задание. Вы пришли в больницу, чтобы пройти декупс в ад. Вы должны узнать, как это принимает. Грай и скажите, что вам нужно. Задание понятно? Да. Начинайте диалог. Вечером приедет... Вечером приедет сына в район. Моё живот... Чуть-чуть болит. Он говорит... Он говорит... Что вам нужно? Я говорю... Вам данное задание нужно со мной разыграть в диалоге. Понимаете, что это значит? Да. Понимаете, что это значит? начинайте нужно в диалоге по данной ситуации поговорить можете что-то сказать",https://storage.yandexcloud.net/odin-exam-files-dataset/9b4381d6-52ae-4ab3-899e-d2aed1a6613f-0.MP3
28,3382158,30781029,1,"<p>Добро пожаловать на экзамен! <br>Вопрос устной части экзамена. Начните диалог.</p>
<p><strong>Вы увидели объявление о работе и хотите получить её. Позвоните и узнайте, какие требования предъявляет работодатель к соискателю. </strong></p>",,"Если готовы, начинайте. Добрый день, работодатель. Здравствуйте. Я бы хотел устроиться к вам на работу. Отлично. Меня зовут Варапаев Аркадий. Поскажите, пожалуйста, какой комплект документов требуется? Какая работа вас интересует? Разнообразно. Подскажите, пожалуйста, какая у вас? Есть должность. У нас очень большой выбор. Что бы вам хотелось? Вы знаете, скорее всего, сфера строительства. Строительство. Да, пожалуйста, вот у нас очень большой выбор строительных работ, профессий. На какую профессию сейчас открыты вакантные должности у вас? Ну, например, у нас есть разнорабочие, у нас есть маляр, у нас есть... Ой, отлично. Вы знаете, вы так меня... Меня заинтересовали именно вашей должностью маляром. Поскажите, пожалуйста, какие требования должны быть на данном этапе? Прежде всего, опыт работы ваш. И все. Вы знаете, да, у меня имеется опыт работы, который также я указал в резюме. Который вот, пожалуйста. Да, конечно, спасибо. И также там указаны все контактные данные, опыт работы, где ранее работал, какое имеется образование, стаж. Все замечательно, вы нам подходите. Отлично. Спасибо. Пожалуйста. Так что буду ждать от вас информации. Хорошо, до встречи.",https://storage.yandexcloud.net/odin-exam-files-dataset/c6bf5972-9371-48dd-90b0-50868c5addf3-0.MP3
29,3389192,30909674,1,"<p>Вопрос устной части экзамена. Начните диалог.<br><strong>Вы пришли в посольство. Вам нужно оформить срочную визу. Узнайте, какие документы нужны для оформления.</strong></p>",,"Первый вопрос. У вас начался диалог. Вы пришли в посольство, вам нужно оформить срочную визу. Узнайте, какие документы нужны для оформления. То есть представьте, что я сотрудник посольства, вам нужно с мной заговорить. Добрый день. Здравствуйте. Подскажите, пожалуйста, мне нужны, получается, перечень документов, которые помогут мне оформить. Можно читать, да, или нет? Так. Мне нужна срочная виза. Можно оформить. Подскажите, какие нужны документы. Вам нужен паспорт ваш или удостоверение. И плюс заполнить анкету с всеми ответами такого личного характера. Ну, то есть, получается, все документы вам приносим, копии там, да, и вы вынуждены там кать. Хорошо, спасибо большое. Пожалуйста.",https://storage.yandexcloud.net/odin-exam-files-dataset/514fa520-ba82-4434-9faa-fabe7bc5b37c-0.MP3
30,3386359,30858268,2,"<p>Вопрос устной части экзамена. Примите участие в диалоге. Ответьте на вопросы собеседника полными предложениями.</p>
<p> </p>
<p><strong>– Что Вы делаете, когда у Вас есть свободное время? Чем увлекаетесь? </strong><br><strong>– ... </strong><br><strong>– Скажите, пожалуйста, какой вид спорта Вам нравится? Занимаете</strong><strong>сь ли Вы спортом? Если да, то каким? </strong><br><strong>– ... </strong><br><strong>– Какие праздники Вы любите праздновать?<br>– ...<br></strong><strong>– Какие фильмы Вы обычно </strong><strong>смотрите? Где Вы любите смотреть фильмы: в кинотеатре или дома? </strong><br><strong>– ...</strong></p>",,"Примите участие в диалоге. Ответьте на вопросы собеседника полными предложениями. Что вы делаете, когда у вас есть свободное время? Чем увлекаетесь? Когда у меня есть свободное время, я с детьми выхожу на прогулку. Любим ходить в кинотеатры. Стараюсь больше времени провести с детьми. Потому что они устают от школы. Мы от работы. Большинство у нас время проводится с детьми. Увлекаюсь я вязанием. Люблю вязать. А что вы вяжете? Я вяжу носки. Я вяжу безрукавки. И кофточки. Вы для себя вяжете? Да, для себя, для близких, для детей. Хорошо. Скажите, пожалуйста, какой вид спорта вам нравится? И занимаетесь ли вы спортом? Если да, то каким? Спортом я не занимаюсь. Но вид спорта я люблю. Я люблю спор. Плавание. Почему вам нравится плавание? Что вас привлекает в этом виде спорта? Плавание... Уходит вес быстро. Так. Хорошо работают легкие. И вообще увлекательный это вид спорта. Хорошо. Какие праздники вы любите? Праздники с colleagues. Что вам нравится? Какие праздники вы любите праздновать? Праздновать мы любим День рождения, Новый год, Рамазан, Пасху, можно сказать. А как вы День рождения празднуете? Свои ли вы детей? Детский праздник мы проводим часто дома. Собираются друзья, я сама пеку торты. Накрываем столы, надуваем шарики. А вот приходят дети, и что? Вы их сразу за стол или что? Нет, есть развлекательные программы, мы сготовим конкурсы. Сами готовите или приглашаете? Мы сами готовим. То есть День рождения весело, да? Да. Какие фильмы вы обычно смотрите? Где вы любите смотреть фильмы? В кинотеатре или... В кинотеатре или дома? Фильмы я люблю смотреть в турецкие. Там очень много о любви. Но в основном смотрим дома, в кинотеатре, конечно, намного лучше и звук, и большой экран. Но в основном смотрим дома. А какие фильмы вы любите смотреть, помимо турецких? Помимо турецких еще мне нравится старинный... Русские фильмы, например, «Девчата». Я очень люблю эту комедию.",https://storage.yandexcloud.net/odin-exam-files-dataset/ca7b45ba-d55d-4320-b2c1-dcd397f5b078-1.MP3
31,3407757,31250243,3,"<p>Вопрос устной части экзамена. Начните диалог. Получите нужную Вам информацию. Будьте вежливы.</p>
<p><strong>Представьте ситуацию. Вы пришли в магазин и хотите купить новый холодильник. </strong><br><strong>Обратитесь к менеджеру магазина. Попросите его посоветовать Вам хороший товар. Расспросите о его достоинствах и недостатках. Узнайте, можно ли оформить рассрочку и какие документы для этого нужны. Поблагодарите за предоставленную информацию.</strong></p>",,"Начните диалог. Получите нужную вам информацию. Будьте вежливы. Представьте ситуацию. Вы пришли в магазин и хотите купить новый холодильник. Обратитесь к менеджеру магазина. Попросите его посоветовать вам. Он предоставит вам хороший товар. Расспросите о его достоинствах и недостатках. Узнайте, можно ли оформить просрочку и какие документы для этого нужны. Поблагодарите за полученную предоставленную информацию. Обращайтесь опять ко мне. Здравствуйте. Я хотел бы приобрести у вас холодильник. Вы можете что-нибудь мне посоветовать? Да, конечно. У вас большая семья. Четыре человека. В таком случае проходим сюда. Это холодильники фирмы Сименс. Они достаточно компактные и достаточно объемные. Смотрите. Хорошо. А в каких градусах морозилка морозит? Здесь регулируется. Есть отдел для пустых продуктов, для овощей, фруктов, для напитков и так далее. Обратите внимание, какая большая морозильная камера. А вот верхняя часть холодильника не заморозит продукты? Все регулируется. Кроме того, здесь есть система антифрост и система умного холодильника. Если будут какие-то проблемы, он сразу же известит об этом. А есть какие-нибудь недостатки у холодильника? Недостатки? Ну, наверное, единственное, это то, что скидки на него заканчиваются в конце июля. А скидка 15%. Хорошо. А можно ли приобрести в рассрочку? Да, конечно. А какие документы для этого нужны? Для этого нужно будет достаточно только вашего паспорта. Хорошо, давайте оформим. Замечательно, идем оформлять. Так, следующий вопрос.",https://storage.yandexcloud.net/odin-exam-files-dataset/7f83bcfd-52e8-4149-b5ef-bd278a335907-2.MP3
32,3385024,30833391,2,"<p>Вопрос устной части экзамена. Примите участие в диалоге. Ответьте на вопросы собеседника полными предложениями.</p>
<p> </p>
<p><strong>– Что Вы делаете, когда у Вас есть свободное время? Чем увлекаетесь? </strong><br><strong>– ... </strong><br><strong>– Скажите, пожалуйста, какой вид спорта Вам нравится? Занимаете</strong><strong>сь ли Вы спортом? Если да, то каким? </strong><br><strong>– ... </strong><br><strong>– Какие праздники Вы любите праздновать?<br>– ... <br>– Какие фильмы Вы обычно </strong><strong>смотрите? Где Вы любите смотреть фильмы: в кинотеатре или дома? </strong><br><strong>– ...</strong></p>",,"Свободное время? Я люблю ходить на рыбалку. Скажите, пожалуйста. Пожалуйста, какой вид спорта вам нравится? Занимаетесь ли вы спортом? Если да, то каким? Нравится вид спорта волейбол. В данный момент не занимаюсь спортом. Какие праздники вы любите праздновать? Новый год. Какие фильмы вы обычно смотрите? Где вы любите смотреть фильмы? В кинотеатре или дома? Какие фильмы вы любите смотреть? В комедии. Где вы любите смотреть? В кинотеатре. Следующая.",https://storage.yandexcloud.net/odin-exam-files-dataset/99da46ac-ec0a-41a3-956b-9dc31347e559-1.MP3
33,3422763,31539994,2,"<p>Вопрос устной части экзамена. Примите участие в диалоге. Ответьте на вопросы собеседника полными предложениями.</p>
<p> </p>
<p><strong>– Какие фильмы или сериалы Вы любите смотреть? Фантастику, детективы </strong><strong>или романтические фильмы? </strong><br><strong>– ... </strong><br><strong>– Вам нравятся новые фильмы или старые? Цветные или чёрно-белые?Почему? </strong><br><strong>– ... </strong><br><strong>– О чём Ваш любимый фильм? </strong><br><strong>– ... </strong><br><strong>– Кому бы Вы посоветовали его посмотреть и почему? </strong><br><strong>– ...</strong></p>",,"Следующее наше задание это диалог. Сейчас я буду задавать вам вопросы. Вам нужно отмечать максимально. Скажите, какие фильмы или сериалы вы любите смотреть? Честно говоря, мы любим сериалы. Я вообще не хочу посмотреть. Вообще? Нет, не любим. Просто если бы было природным, то я бы хотел посмотреть. Да, сериалы. Я фильм не хочу. Фильмы не хотите? Да, да, да. Не люблю вообще никогда. А когда вы были ребенком, вы смотрели фильмы или детские мультики? Честно говоря, у нас раньше, когда был сериал, у нас не было такой-то, когда шансы на телевизор, ничего не было. Когда я был ребенком. Дети. Когда я был ребенком, у нас был сериал, когда мы были маленькими. А вы тогда не были в кинотеатре? Нет. Нет, никогда. Не было, не было. А у вас дома есть телевизор? Сейчас есть, да. Тогда не было. Понимаю. А сейчас что вы смотрите в кинотеатре? Только новости и охота и природа. Охота и природа? Да. А какие передачи? О природе или фильмы о природе вам нравятся? Ну как там природа красивая, там животные, там посмотрим, мне надо учить, как они живут. Как скажу вам. Просто это красиво для меня, для этого цвета. Успокойте это меня. Скажите, пожалуйста, а вам больше нравится по телевизору смотреть какие-то цветные фильмы или передачи или черно-белые? Цветные. Почему? Они как есть, так и показывают. А черные, они нереальные. Поняла. Скажите, а какая у вас любимая передача? Ну вот вы сказали новости, охота. Я передачу сейчас скажу. Охота. Сам любимую мою охоту. А о чем рассказывают в этой передаче? Я скажу честно. Я просто, у меня есть годы болезни, каждый день я буду болеть на охоту. Я каждый день, или ночью всегда. Хороший. Всех отдыхаю. Как вы думаете, а кому можно посоветовать посмотреть такую передачу? Кому это будет интересно? Ну, как думаю, так думаю, все надо. Родственники, знакомые или что. Или друзья мои. Или друзья. Хорошо. Отлично. Давайте пойдем с вами дальше.",https://storage.yandexcloud.net/odin-exam-files-dataset/66081216-0cd6-4166-9006-51e72d22b9b6-1.MP3
34,3410737,31302863,2,"<p>Вопрос устной части экзамена. Примите участие в диалоге. Ответьте на вопросы собеседника полными предложениями.</p>
<p><strong>– Как зовут Вашего лучшего друга или подругу? Где Вы познакомились? Какой Ваш друг/подруга (внешность, характер, хобби)? </strong><br><strong>– … </strong><br><strong>– Как Вы обычно проводите свой отпуск? Где Вы отдыхали в последний раз? Что Вам больше всего понравилось? </strong><br><strong>– … </strong><br><strong>– Чем занимаются Ваши родные (родители, братья, сёстры)? Вы часто встречаетесь? Что Вы обычно делаете вместе? </strong><br><strong>– …</strong></p>",,"Ответьте, пожалуйста, на мои вопросы полными предложениями. Как зовут вашего лучшего друга или подругу? Где вы познакомились? Какой ваш друг, подруга? Внешность, характер, хобби? Мою лучшую подругу зовут Вероника. Мы познакомились на предыдущем месте работы, в цветочном магазине. Симпатичная блондиночка. Такая немного своенравная, честная. Увлекается моделингом. А как вы обычно проводите свой отпуск? Где вы отдыхали в последний раз? И что вам больше всего понравилось? В крайний раз я была в Сочи. Я заболела, пролежала в номере 4 дня. Понравилось то, что я вообще осталась жива после отравления сочинской едой. Всё. Как печально. А чем занимаются ваши родные? Родители, братья, сестры? Вы часто встречаетесь? Что вы обычно делаете? Родители у меня в Казахстане. У них семейный бизнес. Виделись мы в последний раз 3,5 года назад. Сестра у меня здесь, рядышком. Занимается строительством домов. Обычно вместе ходим в коройки, гуляем, пьём кофе. Хорошо, спасибо. Мы переходим к... Который из ваших любимых домов? Наши любимые. Вы говорите, что вы любите строить дома.",https://storage.yandexcloud.net/odin-exam-files-dataset/3465884d-e0b7-4b7e-8295-411206a9e4b0-1.MP3
35,3383832,30811235,4,"<p>Вопрос устной части экзамена. Опишите картинку.</p>
<p> </p>
<p><strong>Ваше сообщение должно содержать следующую информацию. </strong><br><strong>– Что изображено на рисунке (место, время года и т.д.)? </strong><br><strong>– Кто изображён на рисунке? </strong><br><strong>– Что они делают? </strong><br><strong>– Расскажите подробнее о любом человеке, изображённом на рисунке. </strong><br><strong>– Сколько детей в вашей семье? Расскажите о них. </strong><br><strong>– Как Вы играете с детьми?</strong></p>
<p><strong><img src=""https://storage-public.odin.study/37a54d41-aade-4da2-a13d-6ab7d3ef8035.PNG"" width=""700"" height=""507""></strong></p>",https://storage-public.odin.study/37a54d41-aade-4da2-a13d-6ab7d3ef8035.PNG,"Когда вы будете ее описывать, ваше сообщение должно содержать следующую информацию. Что изображено на рисунке? Место, время года и так далее. Кто изображен на рисунке и что они делают? Расскажите подробнее о любом человеке, изображенном на рисунке. И будут два вопроса к вам личного характера. Сколько детей в вашей семье? Расскажите о них. И как вы играете с детьми? Можете немного подумать. Как будете готовы, начинайте. Да, я лучше начну говорить. Пожалуйста. Время года. Лето. Это, наверное, из вербушки к конюте. Бабушки и дедушки. Приехала к ним их дочка со своими детьми, внуками. Внуки и внучки, бабушки и дедушек. Так, кто изображен на рисунке? Она как раз причислила, кто изображен на рисунке. Что они делают? Дедушка играет с маленьким ребенком. Бабушка поет чаем и кормит внучек. Мама беседует. Так, мама беседует со своей мамой. Хорошо. Так, что делают здесь парни? А, моют. Взади. Дети моют посуду. Один подросток. Вряд ли это муж. Хорошо. Хорошо. Хорошо. Хорошо. Хорошо. Как это назвать ее? Пусть ее зовут Виктория. Хорошо. Пусть ее зовут Виктория. У Виктории очень много детей. Да, есть животное, собачка. Собачка одна. У Виктории четыре ребенка получается. Пять. Пять даже. Угу. Хорошо. Так. Раскрыть вареную ручку я держу на рисунке. Ну, давайте о дедушке. Я очень доволен, что приехали все со стороны внуков к ним. Играется с маленьким ребенком. Что еще можно сказать? Принарядился даже, если все так скромненько одеты, то он рубашечку одел в ручке. Как он выглядит? Как он выглядит? Угу. Красиво. Хорошо. Хорошо. Вопросы к вам. Какие у вас дети в вашей семье? Если у вас нет детей, то вот пройдите сюда. У нас трое. Младший малыш и старший брат. Угу. Хорошо. У вас было, что вы играете с чужими детьми? Премьяники? Да. Да. Конечно, у меня очень много премьяников. Очень часто, когда приезжаю, я обязательно проводю время. У меня получается у одной сестры два ребенка и у другой. Да. При этом, когда приезжаю, постоянно с ними встречаемся, проводим время вместе, играемся. Они совсем маленькие еще. Вот. Что еще вам сказать? У вас есть домашнее животное? Домашнее животное было собачка, немецкий шпиц. Зовут его Цезарь. Очень игручий песик был. Красивый, симпатичный. Угу. Очень умный на самом деле. Собаки. Он как маленький ребенок был в нашей семье. Он в подобии маленького ребенка, только в обличии собачки. Вам больше нравятся собаки, чем кошки? Собаки. Почему? Мне не нравится, почему-то кошки. Потому что кошки, они предоставлены сами себе. То есть, ощущение, как будто они твоих хозяева, а ты у них. А вы предпочитаете доминировать? Я предпочитаю доминировать. Понятно. Хорошо. Так, выискав... Ага, вот уже и время экзаменов с вами вышло. На все вопросы.",https://storage.yandexcloud.net/odin-exam-files-dataset/1c2b1ec7-4697-494a-9533-338a4b0c69a0-3.MP3
36,3428251,31644612,3,"<p>Вопрос устной части экзамена. Начните диалог. Получите нужную Вам информацию. Будьте вежливы.</p>
<p> </p>
<p><strong>Представьте ситуацию. Вы увидели объявление об открытии спортивного </strong><strong>клуба в Вашем районе. Позвоните и поговорите с менеджером.<br></strong><strong>Поздоровайтесь. Узнайте, сколько стоит посещение спортивного клуба. </strong><br><strong>Поблагодарите за полученную информацию и оцените работу с Вами как </strong><strong>с будущим клиентом.</strong></p>",,"Начните диалог. Получите нужную вам информацию. Будьте вежливы. Представьте ситуацию. Вы увидели объявление об открытии спортивного клуба в вашем районе. Позвоните и поговорите с менеджером. Поздоровайтесь. Узнайте, сколько стоит посещение спортивного клуба. Поблагодарите за полученную информацию и оцените работу с вами как с будущим клиентом. Так. Угу. Алло. Алло. Здравствуйте. Здравствуйте. На нашем районе слышала, открылся новый клуб. Угу. Можно ли записаться на первое посещение? Можете, да, конечно. Записывайтесь. Сколько стоит у вас месячный абонемент? Пять тысяч. Угу. Когда я смогу в первый раз посмотреть и будет ли мне это стоить за первое посещение денег? Пробное, бесплатное. Вы можете в любой день прийти и попробовать. Со скольки до скольки работает? С восьми до двадцати трех. Угу. Спасибо большое. Пожалуйста.",https://storage.yandexcloud.net/odin-exam-files-dataset/3493e5eb-24fc-46ba-abea-6c7b08ebecf4-2.MP3
37,3433046,31731949,1,"<p>Добро пожаловать на экзамен! <br>Вопрос устной части экзамена. Начните диалог.</p>
<p><strong>Вы увидели объявление о работе и хотите получить её. Позвоните и узнайте, какие требования предъявляет работодатель к соискателю. </strong></p>",,"Первое задание. Начните диалог. Вы увидели объявление о работе и хотите получить ее. Позвоните, узнайте, какие требования предъявляет работодатель к сынстателю. Здравствуйте. Здравствуйте. Мне нужно работать. Да, у нас есть свободная вакансия. Так. На какое время у вас свободно? Вы можете подойти в 12 часов дня. А хорошо, может прямо сегодня? Можно прямо сегодня. Хорошо, спасибо.",https://storage.yandexcloud.net/odin-exam-files-dataset/7d9ea547-0949-4a1a-ad07-d1a793936642-0.MP3
38,3398024,31068284,4,"<p>Вопрос устной части экзамена. Опишите картинку.</p>
<p><img src=""https://storage-public.odin.study/6383f52e-5d09-41ae-ad2d-81179b549d10.PNG"" width=""716"" height=""414""></p>
<p><strong>Ваше сообщение должно содержать следующую информацию: </strong><br><strong>– Что изображено на рисунке (место, время года и т.д.)? </strong><br><strong>– Кто изображён на рисунке? </strong><br><strong>– Что они делают? </strong><br><strong>– Расскажите подробнее о любом человеке, изображённом на рисунке. </strong><br><strong>– А Вы любите путешествовать? </strong><br><strong>– Где Вы уже побывали?</strong></p>",https://storage-public.odin.study/6383f52e-5d09-41ae-ad2d-81179b549d10.PNG,"И еще последнее задание. Вам нужно описать картинку. Ваше сообщение должно содержать информацию. Что изображено на рисунке, место, время года. Кто изображен на рисунке, что они делают. Рассказать подробно о любом человеке на рисунке. Какой это человек. Ну и рассказать о себе. Любите ли вы путешествовать, где вы побывали? В рисунке изображено, скорее всего, это вокзал. Где-то, думаю, это теплое время года. Скорее всего, либо это весна, либо лето. Возможно, это ранняя осень. На рисунке изображены мужчины, женщины, дети, пара. К ней прощаются, вероятнее всего. Кто-то везет свои вещи. Кто-то, возможно, кого-то встречает. Так, давайте не кто-то, а вот именно кто это делает. Ну, допустим, вот пара. Парень в зеленом шоколаде. Парень в зеленой кофте и девушка фиолетовая. Парень, скорее всего, провожает свою девушку. И они ожидают, когда она уедет. Вот можно еще описать также семейную пару. Женщина и мужчина. У них двое детей. Собака такса. И женщина ждет еще одного малыша. Мужчина сидит на лавке. Либо облокотился по стенд. Он, вероятнее всего, ждет свой поезд. Ну, еще пишется кого-то. Ну, можно еще описать девушку в красивом платье. Или же это юбка, горошек. Она везет свои вещи. Наверное, она уже приехала. Едет к такси или к машине, чтобы отправиться домой. Ну, это, наверное, очень интересная история. И, наверное, это очень интересная история. И, наверное, это очень интересная история. И, наверное, это очень интересная история. Ну, кого-нибудь одного подробно. То есть все, что можно о ней рассказать. Пожалуйста, расскажите. Давайте про вот эту женщину я расскажу. У нее красные туфли, платье. Или же, как я говорила, юбка в горошек. С черным верхом. Белая шляпа. Светлые волосы. Она везет два чемодана. Один красный, другой коричневый в полосочку. Также она везет коробки. Две коробки. Одна желтая, другая синяя. И сумку, внутри которой билет. Розовая сумка. Розовая сумка. Какая она? Как вам кажется? Задумчивая. Она счастливая. У нее есть улыбка, потому что она рада. Она рада. Хорошо. Ну, и рассказайте, любите ли вы путешествовать? Где вы побывали? Да, я люблю путешествовать. Делаю это очень редко. Потому что из-за учебы все время уходят на учебу. Так, когда я была поменьше, мы с мамой путешествовали. Часто мы были в Турции. Также собирались ехать в Германию, но не сложились по обстоятельствам. А в Германии не были? Нет, в Германии не была. Ну, расскажите про Турцию. Что вам там понравилось, а что нет? Мне понравились люди. Они добрые и открытые на общение. Также у них очень красивая природа. Это горы и растительность у них очень красивая. Моря. Но поскольку мы были в отельной местности, вероятнее всего там специально были сделаны все-таки пляжи почище, чем пляжи, которые общедоступны. Экскурсии. Мы были на джип-сафари. Это красные джипы, которые поднимают горы. Там ужасно красивый вид. И температура там очень жаркая для меня. Ну и там такой влажный климат. И тоже не совсем он близок мне. Что не понравилось? Наверное, вот как раз климат мне больше не понравился. Потому что слишком жарко, очень палящее солнце, которое очень сильно травмирует мою кожу, потому что она очень чувствительная. Опять же влажный климат, который также на волосы очень сильно мне не понравился. И тяжело было приспособиться к смене часового пояса. То есть очень рано хотелось спать. И верно это тоже мне не особо понравилось. Хорошо. Расскажите, где бы вы хотели побывать, а где не были, но вы хотите там. И почему? Я хочу побывать в Испании, в Мадриде, потому что я изучаю это направление, этот регион. Изучаю испанский язык. И в принципе мне интересна испанская культура. Их настроение, вся эта атмосфера и менталитет у них. Ну он не близок к нашему, но он интересен. А как долго вы изучаете испанский язык? Три года. Что вам нравилось? Мне нравится произношение. Оно очень такое мягкое, но он такой... Он мягкий. Он интересный. Наверное, этим он меня не зацепил. Спасибо.",https://storage.yandexcloud.net/odin-exam-files-dataset/3dac5c4b-d957-4d0b-8930-3aba4e03d2e2-3.MP3
39,3417100,31424676,4,"<p>Вопрос устной части экзамена. Опишите картинку.</p>
<p> </p>
<p><strong>Ваше сообщение должно содержать следующую информацию. </strong><br><strong>– Что изображено на рисунке (место, время года и т.д.)? </strong><br><strong>– Кто изображён на рисунке? </strong><br><strong>– Что они делают? </strong><br><strong>– Расскажите подробнее о любом человеке, изображённом на рисунке. </strong><br><strong>– Сколько детей в вашей семье? Расскажите о них. </strong><br><strong>– Как Вы играете с детьми?</strong></p>
<p><strong><img src=""https://storage-public.odin.study/37a54d41-aade-4da2-a13d-6ab7d3ef8035.PNG"" width=""700"" height=""507""></strong></p>",https://storage-public.odin.study/37a54d41-aade-4da2-a13d-6ab7d3ef8035.PNG,"Итак, ваше сообщение должно содержать информацию. Что изображено на рисунке, место, время, кто изображен на рисунке, что они делают. Расскажите подробно о любом человеке, изображенном на рисунке. Сколько детей в вашей семье? Расскажите о них, это вам вопрос. И как вы играете с детьми? Начинаем с описания картинки. На картинке вижу семью. Семья занимается, кто-то моет посуду, кто-то сидит за столом, пьет чай, девочка сидит. Ага. Устала, ждет вкусняшки. Дедушка играет с внуком. Вижу на картинке собаку. Так. Посуду, чай, кружку. Ну, надо кто изображен. А, кто изображен. А где все это происходит? Все это происходит в доме. Хорошо, расскажите о любом человеке на рисунке. А дедушка? А дедушка? Дедушка. Радостный дедушка. Радуется внукам, радуется своей семье. Проводит время с внуками, счастливый. Ну и сколько детей в вашей семье? Какие они? Как вы с ними играете? Маленьких детей в моей семье уже нет. Выросли все. Сколько детей? Двое. Ну, расскажите о них. На вопросы отвечайте. Какие они? Даже если они большие, все равно о них расскажите. Так у меня своих детей нет. Так вы не так сказали, что у маленьких нет. Ну, в своей семье, я думаю, где-то там рос сам кто-то. Сестренки, батюшки. Ну, то есть нету, да? Нету. А почему у тебя друзья есть? У друзей есть. Люблю с ними играть. Когда иду к ним в гости, обязательно что-нибудь покупаю. Вкусняшки, игрушки. Уделяю им особое внимание. И самому даже приятно, когда приходишь, дети сами бегут к тебе, встречают тебя. И видишь их счастливые глаза. И самому от этого даже как-то приятно становится. Поэтому всегда вот такие делаю приятности. Не с пустыми руками всегда прихожу. А вот что вы с ними играете? Ну, с мальчишкой. Играем. Машинки, стрелялки. Бегаем по дому, играем в стрелялки, машинки, прятки. С дочуркой разукрашиваем. Можем что-то разукрасить. Она мне показывает мастерство, что что-то слепила. Тоже очень интересно за этим наблюдать. А что ты делаешь? очень интересно за этим наблюдать. Все отлично.",https://storage.yandexcloud.net/odin-exam-files-dataset/ec9aa364-5482-4331-a99f-cf22ae698278-3.MP3
40,3445753,31971195,4,"<p>Вопрос устной части экзамена. Опишите картинку.</p>
<p><img src=""https://storage-public.odin.study/6383f52e-5d09-41ae-ad2d-81179b549d10.PNG"" width=""716"" height=""414""></p>
<p><strong>Ваше сообщение должно содержать следующую информацию: </strong><br><strong>– Что изображено на рисунке (место, время года и т.д.)? </strong><br><strong>– Кто изображён на рисунке? </strong><br><strong>– Что они делают? </strong><br><strong>– Расскажите подробнее о любом человеке, изображённом на рисунке. </strong><br><strong>– А Вы любите путешествовать? </strong><br><strong>– Где Вы уже побывали?</strong></p>",https://storage-public.odin.study/6383f52e-5d09-41ae-ad2d-81179b549d10.PNG,"Вот такая вот картинка. Это должен быть монолог по картинке. И вы должны сообщить такую информацию. Что изображено на рисунке, место, время года. Вы еще что-то, может быть, расскажете. Кто изображен на рисунке, что они делают. Расскажите подробно о любом человеке, который изображен на рисунке. И немного о себе. Любите ли вы путешествовать. Где вы уже бывали. Так, хорошо. На данный момент на картинке происходит время ожидания на ЖД вокзале. То есть видны уже рельсы издалека и сверху вид, как от поезда. Судя по внешнему виду людей, это значит, время года идет летом. То есть девушка в легком платье, парень в шортах. И, естественно, дети раздетые. Ну, скажем так, в шортах, в футболке. Пусть, допустим, в весной, осенью. Идут, естественно, седлые наборы. Они все в данный момент ожидают. Как раз таки своих поездов. Дабы спокойно отправиться в отпуск. Судя по всему, так как все это набитые чемоданами. Так. Особенно пригляделся на картинке молодая семья, которая отчетливо видна. Судя по всему, девушка беременна, так как не набирает животных. Не соблюстили ребенка. Парень, он выглядит довольно счастливым. И с собакой. Судя по всему, они отправляются в долгий летний отпуск. Так как у них довольно много вещей. Много чемоданов, другого. И абсолютно у каждого они здесь. Сам путешествовать я люблю. Но пока дальше Тайфуста я не буду. В ближайшее время, по-моему, буду посетить тот же Таиланд, Вьетнам. Шариванку это уже как-то учится. Ну, хорошо. Ну, у вас еще минута есть. Что вы подниметесь? Срочно ждать не получится? Нет, срочно. Ага. Здесь у тебя особо ничего? Нет ничего. Ну, скажите, кто вы ждали? Это хороший эксперимент. Да, в данный момент также на картинке замечается, судя по всему, довольно грустное расставание. Так как парень с довольно грустной причиной в лице обнимает девочку. Видимо, она продолжает в далекий путь. Скорее всего, она будет ехать на обучение. Будет за полосинкой одна. И в бисе только первой необходимости. Также видно, как, скорее всего, человек немного не успевает на свой поезд, так как выглядит он довольно неторопливо. То есть бежит, судя по бетон-болосам. Также, естественно, заметна девушка, которая находится в легком платье с шляпой. Она также отправляется, видимо, в далекое путешествие. Дела вещества довольно много. Но в этом все. Все, хорошо, мы завершаем за свою часть.",https://storage.yandexcloud.net/odin-exam-files-dataset/859f8e06-7a78-4308-b7d4-5c92973a9ed7-3.MP3
41,3398296,31074361,1,"<p>Вопрос устной части экзамена. Начните диалог.<br><strong>Вы пришли в посольство. Вам нужно оформить срочную визу. Узнайте, какие документы нужны для оформления.</strong></p>",,"Первый вопрос. Начните диалог. Вы пришли в посольство. Вам нужно оформить срочную визу. Узнайте, какие документы нужны для обращения. Обращайтесь ко мне. Здравствуйте. Здравствуйте, слушаю вас. Мне нужно оформить срочную визу. Пожалуйста, подскажите, какие документы нужны для оформления. В какую страну? В России. Цель визита? Цель визита – работа. Ну что ж, у вас есть приглашение от работодателя? Нет, приглашения нет. Так, ну что ж, от вас нужен будет паспорт, фотографии, заявление. Хорошо, спасибо большое. Всего доброго. Всего доброго.",https://storage.yandexcloud.net/odin-exam-files-dataset/ce6f008b-bf03-4eb4-a4af-d1f18d7105ac-0.MP3
42,3404611,31196802,1,"<p>Вопрос устной части экзамена. Начните диалог.<br><strong>Вы пришли в посольство. Вам нужно оформить срочную визу. Узнайте, какие документы нужны для оформления.</strong></p>",,"Номер с другой стороны. Давайте покажем и вторую сторону на всякий случай. Съемка все равно идет. Спасибо большое. Хорошо. Отлично. И тогда переходим к заданиям. Первое задание – это ситуация. Вам нужно внимательно с ней ознакомиться и начать диалог со мной. Прошу прощения. Я не знаю, что это. Я не знаю, что это. Интересно. У меня у вас вопросы? Да. Разыгрываем ситуацию. Как это было в реальной жизни? Добрый день. Я уже нам уточнить. Я не знаю, как это. Я не знаю, как это. Я не знаю, как это. Я не знаю, как это. Я не знаю, как это. Я не знаю, как это. Я не знаю, как это. Я не знаю, как это. Я не знаю, как это. Я не знаю, как это. Я не sharks. Добрый день. Подскажите, пожалуйста, когда планируете вылетать и в какую страну? Планирую вылетать в середине месяца апреля. В числах 15-х. Ну, если я нахожусь здесь. То есть, reversed place. Хорошо. Отлично. Так. Подскажите, пожалуйста, какие документы у вас есть при себе? Документы? Документы? При себе у меня есть паспорт удостоверения личности, либо ID-карта, как у нас называют. Убивают миграционную талону. Ну, там, вентрегистрацию. А место жительства? Отлично. Смотрите, для оформления визы вам нужно будет по паспорту заполнить анкету и еще оплатить госпошлину. Квитанцию для оплаты госпошлины мы вам сейчас дадим. После этого с заполненной анкетой и чеком по вакууму. Подходите к нам, мы оформляем. Оформление стандартной визы займет примерно 10 минут. Отлично. Меня это устраивает. Будем вас ждать. Спасибо. Спасибо вам.",https://storage.yandexcloud.net/odin-exam-files-dataset/76c9c682-afca-4123-9848-b83e86f70155-0.MP3
43,3438029,31831631,1,<p>Добро пожаловать на экзамен! <br>Вопрос устной части экзамена. Начните диалог.<br><strong>Вы не можете найти дорогу к автобусной остановке. Узнайте у прохожего </strong><strong>путь к автобусной остановке.</strong></p>,,"Значит, вот. То, что я буду говорить, оно здесь написано. Что-то я сейчас забуду. Сюда смотрите. Значит, вы должны начать делать сами первое. Да? Вы не можете найти дорогу к автобусной остановке. Вы знаете прохожего путь к автобусной остановке. Все. Я сейчас проеду. Здравствуйте. Здравствуйте. Извините. Можете, пожалуйста, рассказать, как можно кратко пройти к этой остановке? А вам в какую сторону? В центр ехать или за озерное? В заднее. За озерное. За озерное. Да. Ну, тогда вот пройдете два квартала вперед. Пройдете налево. И вы увидите эту остановку. Все. Спасибо большое. Пожалуйста. До свидания. До свидания. Пожалуйста. Так.",https://storage.yandexcloud.net/odin-exam-files-dataset/25f5b528-364f-4e5f-b8cd-9795df2d0834-0.MP3
44,3383065,30797468,2,"<p>Вопрос устной части экзамена. Примите участие в диалоге. Ответьте на вопросы собеседника полными предложениями.</p>
<p><strong>– Как зовут Вашего лучшего друга или подругу? Где Вы познакомились? Какой Ваш друг/подруга (внешность, характер, хобби)? </strong><br><strong>– … </strong><br><strong>– Как Вы обычно проводите свой отпуск? Где Вы отдыхали в последний раз? Что Вам больше всего понравилось? </strong><br><strong>– … </strong><br><strong>– Чем занимаются Ваши родные (родители, братья, сёстры)? Вы часто встречаетесь? Что Вы обычно делаете вместе? </strong><br><strong>– …</strong></p>",,"Примите участие в диалоге. Ответьте на вопросы собеседника полными предложениями. Как зовут вашего лучшего друга или подругу? Где вы познакомились? Какой ваш друг или подруга? Внешний характер, форма? Мою лучшую подругу зовут Ольга. Мы познакомились, когда учились в школе. Я перешла свою школу в 3.0. Она очень яркая, добрая, красивая, надежная. На нее всегда можно положиться. Она всегда даст верный совет. Любит она заниматься танцами. Как вы обычно проводите свой отпуск? Где вы отдыхали в последний раз? Что вам больше всего понравилось? В последний раз мы ездили на свою родину, в Казахстан. У моего свекры был фигурей сельский. Мы были рады видеть всех своих родственников. Было много обнимашек и целовашек. Больше всего понравилось видеть своих родных и близких. Хорошо. Чем занимаются ваши родные, родители, братья, сестры? Вы часто встречаетесь? Что вы обычно делаете вместе? Когда мы жили в Казахстане, в городе Караганде, мы встречались очень часто с родителями. Родителям мы помогаем. И в огороде помогаем, и по дому помогаем. Если нужно, какие-то их нужды купить, прикупить, лекарства, это все было обязательно на нас. Естественно, братья и сестры нам тоже помогают. Мы очень дружные. Родители пенсионеры. Поэтому нам необходимо с ними, им помогать, им выручать. Что мы начинаем? Картошку садим, шашлыки нарем, домино играем. Такими играми мы занимаемся.",https://storage.yandexcloud.net/odin-exam-files-dataset/6b275736-7f44-4ea7-9536-09023e3f2fe1-1.MP3
45,3386731,30865757,3,"<p>Вопрос устной части экзамена. Начните диалог. Получите нужную Вам информацию. Будьте вежливы.</p>
<p><strong>Представьте ситуацию. Вы пришли в кассы железнодорожного вокзала. Вам нужно купить билеты на поезд до Ташкента. </strong><br><strong>Поздоровайтесь. Узнайте у кассира о наличии билетов, их стоимости. Спросите о скидке для детей. Поблагодарите за полученную информацию и оцените работу кассира.</strong></p>",,пожалуйста ситуации начните диалог получите нужную вам информацию ну так здравствуйте подскажите пожалуйста Fireanned jump,https://storage.yandexcloud.net/odin-exam-files-dataset/602add68-0cd6-4c7c-975a-db50e5f4686d-2.MP3
46,3390366,30931526,2,"<p>Вопрос устной части экзамена. Примите участие в диалоге. Ответьте на вопросы собеседника полными предложениями.</p>
<p> </p>
<p><strong>– Какие фильмы или сериалы Вы любите смотреть? Фантастику, детективы </strong><strong>или романтические фильмы? </strong><br><strong>– ... </strong><br><strong>– Вам нравятся новые фильмы или старые? Цветные или чёрно-белые?Почему? </strong><br><strong>– ... </strong><br><strong>– О чём Ваш любимый фильм? </strong><br><strong>– ... </strong><br><strong>– Кому бы Вы посоветовали его посмотреть и почему? </strong><br><strong>– ...</strong></p>",,"Так, следующее задание. Ответьте на вопросы полными предложениями. Примите участие в диалоге. Какие фильмы или сериалы? Какие сериалы вы любите смотреть? Фантастику, детективы или романтические фильмы? Ну, романтические. Полными предложениями отвечать надо подробно. Хорошо. Вам нравятся новые фильмы или старые? Цветные или черноцветные? Чёрно-белые. Почему? Мне нравятся старые фильмы. Старые фильмы. Ну, старые фильмы, они, как сказать, традиционные. Ну, романтические. Ну, культура как-то... Как бы сказать... Ну... О чём ваш любимый фильм? Романтический. О чём ваш любимый фильм? О чём? Кому бы вы посоветовали его посмотреть и почему? А, ну, друзьям я бы посоветовал, чтобы фильм... Ну, фильм... Ну, фильм... Ну, фильм... Ну, фильм... Ну, фильм... Ну, фильм... Ну, фильм... Ну, фильм... Всё? Да.",https://storage.yandexcloud.net/odin-exam-files-dataset/775522d4-e620-4cc2-a534-7d7c2c6be0c4-1.MP3
47,3396445,31040466,1,"<p>Добро пожаловать на экзамен! <br>Вопрос устной части экзамена. Начните диалог.</p>
<p><strong>Вы увидели объявление о работе и хотите получить её. Позвоните и узнайте, какие требования предъявляет работодатель к соискателю. </strong></p>",,Задание читайте про себя и начинайте диалог. Задание читайте про себя и начинайте диалог. Задание читайте про себя и начинайте диалог. Задание читайте про себя и начинайте диалог.,https://storage.yandexcloud.net/odin-exam-files-dataset/0f5803e1-89bc-474a-8a91-da9211da0414-0.MP3
48,3392200,30965934,1,<p>Добро пожаловать на экзамен! <br>Вопрос устной части экзамена. Начните диалог.<br><strong>Вы не можете найти дорогу к автобусной остановке. Узнайте у прохожего </strong><strong>путь к автобусной остановке.</strong></p>,,"Я зачитываю задания, вы их видите на экране и действуете в соответствии с заданиями. Задание первое. Начните диалог. Вы не можете найти дорогу к автобусной остановке. Узнайте у прохожего путь к автобусной остановке. Я прохожая. Здравствуйте, извините, пожалуйста, скажите, пожалуйста, как пройти к автобусной остановке? Или надо добраться до экзамена? Так, смотрите, чтобы добраться до указанного вами места, вам нужно ехать в сторону вокзала. Для этого вы пройдете сейчас буквально метров 200. До пересечения улицы повернете направо и там увидите самую очередь площадки. Все, спасибо большое. Не за что. Хорошего дня. Спасибо.",https://storage.yandexcloud.net/odin-exam-files-dataset/0c776544-b18c-408f-ab0c-0154276559e0-0.MP3
49,3385115,30834985,2,"<p>Вопрос устной части экзамена. Примите участие в диалоге. Ответьте на вопросы собеседника полными предложениями.</p>
<p><strong>– Блюда какой кухни Вы любите? Почему? </strong><br><strong>– … </strong><br><strong>– Что Вы умеете готовить? </strong><br><strong>– … </strong><br><strong>– Какое любимое блюдо в Вашей семье? </strong><br><strong>– … </strong><br><strong>– Вы ходите в рестораны и кафе? В какие? Если не ходите, то почему? </strong><br><strong>– …</strong></p>",,"Переходим к следующему вопросу. Второй вопрос. Примите участие в диалоге. Ответьте на вопросы собеседника полными предложениями. Блюда такой кухни вы любите и почему? Я люблю блюда русской кухни, так как моя семья русская, в основном мы едим именно эту еду. Предпочитаю в основном, наверное, борщ. Что вы сами умеете готовить? Я сильно готовить не умею. Предпочитаю кушать, наверное, курицу. Предпочитаю кушать, наверное, более быстрые завтраки, обеды, ужины. В основном это, может быть, яичница. Что-то быстрое из того, что есть дома, это гречка с мясом, например. Или что-то, не знаю, даже легкий перекус в виде салата. Какое любимое блюдо в вашей семье? Так как я родом из Казахстана, можно сказать, что наше любимое блюдо в семье это будет бешбармак. Это мясо с тестом. Вы ходите в рестораны или кафе? В какие? И если не ходите, то почему? Я хожу очень редко в какие-либо заведения. Только, наверное, по праздникам. В основном я предпочитаю кушать дома. А почему? Ну, так это, наверное, кажется дешевле или быстрее.",https://storage.yandexcloud.net/odin-exam-files-dataset/df919c07-5bff-4f41-a827-d5a54ab06d92-1.MP3
50,3391580,30954706,3,"<p>Вопрос устной части экзамена. Начните диалог. Получите нужную Вам информацию. Будьте вежливы.</p>
<p><strong>Представьте ситуацию. Вы пришли в кассы железнодорожного вокзала. Вам нужно купить билеты на поезд до Ташкента. </strong><br><strong>Поздоровайтесь. Узнайте у кассира о наличии билетов, их стоимости. Спросите о скидке для детей. Поблагодарите за полученную информацию и оцените работу кассира.</strong></p>",,"Интересно. Начните диалог. Получите нужную вам информацию. Будьте вежливы. Представьте ситуацию. Вы пришли в кассу железнодорожного вокзала. Вам нужно купить билеты на поезд до Ташкента. Поздоровайтесь. Узнайте у кассира о наличии билетов, их стоимости. Спросите о скидке для детей. Поблагодарите за полученную информацию. Я кассира. Здравствуйте. Меня зовут Лилит. Очень хочу купить билет Ташкент. Я с ребенком. Хочу узнать у ребенка есть скидка или нет. И сколько стоит билет. На какую дату вы бы хотели приобрести билет? На завтра, если можно. Нет, к сожалению, на завтра нет. До ближайшего. До 13 марта. 23 марта. Не будет у вас поближе? Нет, к сожалению, билеты закончились. Но 23 марта можем предложить хороший вариант. Тогда буду просить, что вы мне предлагаете. Будьте любезны. Буду очень благодарна. Какие места вам нужны? Купе или плацкарта? Купе. Отдельно. Потому что я иду с ребенком. Так, хорошо. Купе. Два места. В купе на вагоне взрослый и? Детский. Детский. Сколько лет ребенку? 9 лет. Отлично. У вас будет скидка 35%. Спасибо большое. Далее. Какие документы у вас есть? У нас есть паспорт. У меня у ребенка. Все необходимые документы, которые нужно покупать, для того, чтобы приобрести билеты. Хорошо. Итак, я оформляю билеты на вас. Благодарю. Сколько билет будет стоить? Скажите, пожалуйста, все вместе. Сколько будет? Взрослый билет будет стоить 22 000. Детский будет немного дешевле. Он будет стоить 17 000. Спасибо большое. У меня все устраивает. Оплата по карте или наличными? Могу купить. По карте. По карте. Хорошо. Проверьте, пожалуйста, ваши данные. Все правильно? Да.",https://storage.yandexcloud.net/odin-exam-files-dataset/1a5cdcf5-5a79-4056-88bf-6ed48c7d8283-2.MP3